{
  "date": "2020-05-22T00:51:34.809Z",
  "title": "10 Benefícios da Granola para a sua Saúde",
  "thumbnail": "/img/uploads/beneficios-da-granola-para-a-sua-saude.jpg",
  "description": "Descubra neste artigo os principais benefícios da granola para a sua saúde. A granola é feita de uma mistura de grãos e cereais integrais, sementes oleaginosas e frutas secas.",
  "meta_title": "10 Benefícios da Granola para a sua Saúde",
  "meta_description": "Descubra neste artigo os principais benefícios da granola para a sua saúde. A granola é feita de uma mistura de grãos e cereais integrais, sementes oleaginosas e frutas secas.",
  "body": "**Granola é sinônimo de saúde.** \n\nUma combinação perfeita de frutas desidratadas, flocos de aveia, gergelim, tapioca, flocos de milho e castanha de caju garantem uma alimentação saudável e deliciosa. \n\nÉ um complemento alimentar enriquecido por nutrientes necessários para quem tem uma rotina com alto gasto calórico.\n\n![Granola é sinônimo de saúde](/img/uploads/beneficios-da-granola-para-a-sua-saude.jpg \"Granola é sinônimo de saúde\")\n\nDescubra agora os principais benefícios da granola:\n\n1. **Contem nutrientes que fornecem mais energia para o corpo**\n\n   Por ser criada a partir de alimentos naturais a [granola ](https://www.emporiotiasonia.com.br/granola-tia-sonia)oferece minerais como ferro, vitaminas como B1, B2, B3, B6, B7, bem como, magnésio, fósforo, zinco, cobre e selênio.\n\n   Esses nutrientes são necessários para o bom funcionamento do corpo. Por isso, o consumo constante promove mais energia e disposição no seu dia. \n\n   ![Granola Tradicional](/img/uploads/granola-tradicional.jpg)\n2. **Prevenção contra o Câncer**\n\n   Ao consumir [granola ](https://www.emporiotiasonia.com.br/granola-tia-sonia)regularmente você reduz o risco de desenvolver vários tipos de câncer, como câncer de mama, estômago, pâncreas, intestino e próstata, entre outros (Fonte: [INCA](https://www.inca.gov.br/causas-e-prevencao/como-prevenir-o-cancer)).\n\n   Isso ocorre por que a granola possui vitaminas, minerais e outras substâncias antioxidantes.\n\n   Vitaminas do complexo B, a vitamina E, manganês e o ômega 3, ajudam a combater os danos causados pelos radicais livres.\n\n   As fibras da granola ajudam na prevenção do câncer de intestino, pois inibem a multiplicação das bactérias ruins, que produzem substâncias tóxicas e potencialmente cancerígenas.\n3. **Bom para o Coração e vasos sanguíneos**\n\n   Doenças como hipertensão, diabetes e obesidade estão entre as principais causas de morte no mundo todo. \n\n   Consumir granola regularmente pode ajudar a combater os fatores de risco das doenças do coração e infarto devido à presença de ingredientes ricos em fibras provenientes dos cereais e farelos. \n\n   Outras substâncias antioxidantes, como o ômega 3 presente nas castanhas também ajudam nesse processo.\n4. **Bom para o funcionamento do intestino**\n\n   As fibras da [granola ](https://www.emporiotiasonia.com.br/granola-tia-sonia)estimulam o trânsito intestinal e a eliminação dos resíduos tóxicos.\n\n   As frutas desidratadas, flocos de aveia, gergelim, tapioca, flocos de milho e castanha de caju presentes na granola são os ingredientes responsáveis por esse trabalho intestinal. \n\n   Uma dica extra: consuma a granola com algum líquido (iogurte, leite, etc) isso ajuda a prevenir e a combater a prisão de ventre.\n\n   ![granola low carb](/img/uploads/granola-low-carb.jpg)\n5. **Ajuda a prevenir e a controlar a diabetes**\n\n   O consumo de alimentos ricos em fibras contribui para a redução do risco do desenvolvimento da diabetes.\n\n   Como já mencionamos, a os ingredientes presentes na granola são responsáveis por  garantir essa quantidade de fibras necessárias para ajudar na redução da velocidade de absorção do açúcar proveniente dos alimentos.\n\n   Isso evita que as taxas de glicose no sangue fiquem muito elevadas depois de uma refeição.\n\n   ![granola tia sonia](/img/uploads/granola-tia-sonia.jpeg)\n6. **Ajuda na perda de peso**\n\n   As fibras presentes na composição da [granola ](https://www.emporiotiasonia.com.br/granola-tia-sonia)atuam no organismo trazendo a sensação de saciedade ao corpo para ajudar a evitar o impulso de ingestão de alimentos.\n\n   Mas, é importante saber escolher a granola certa, pois algumas contém grande quantidade de açúcar e ao invés de auxiliar no processo de emagrecimento, só irão atrapalhar. \n\n   Você encontra opções [low carb](https://www.emporiotiasonia.com.br/low-carb), [light ](https://www.emporiotiasonia.com.br/search?term=light)e [sem glúten](https://www.emporiotiasonia.com.br/sem-gluten) que podem ser consumidas desde de que sejam adequadas para a sua necessidade energética.\n\n   ![granola sem uva passa](/img/uploads/granola-sem-uva-passa.jpg)\n7. **Ajuda na redução do colesterol ruim (LDL)**\n\n   Os ingredientes presentes na [granola ](https://www.emporiotiasonia.com.br/granola-tia-sonia)(frutas desidratadas, flocos de aveia, gergelim, tapioca, flocos de milho e castanha de caju, entre outros) além de ajudar na redução da absorção da glicose,  também diminuem a taxa de absorção das gorduras e ainda favorecem a sua eliminação.\n8. **Bom para o cérebro**\n\n   Em nosso sistema nervoso existe uma membrana (Bainha de Mielina) que protege os neurônios e permite a transmissão das mensagens entre eles.\n\n   A vitamina E e ômega 3 presentes na granola ajudam a prevenir doenças degenerativas como Alzheimer, Parkison e Esclerose Lateral Amiotrófica (Fonte: [SCIELO](https://www.scielo.br/pdf/abem/v57n6/01.pdf)). \n9. **Delícia crocante que engana a Mente**\n\n   A crocância da granola possibilita \"enganar\" o cérebro para substituir a vontade de comer os snacks industrializados que normalmente são carregados de sódio e lipídios. \n\n   Sabe aquela vontade de comer um salgadinho? A dica é comer uma porçãozinha de granola que pode ser combinada com outro alimento crocante. \n\n   ![faz bem mais feliz](/img/uploads/tia-sonia-emporii-min.png)\n10. **Diversas opções de consumo**\n\n    A [granola ](https://www.emporiotiasonia.com.br/granola-tia-sonia)é um alimento super versátil que permite diversas combinações. Entretanto, deve-se ter cuidado e atenção para não consumi-la com alimentos ricos em açúcar ou sódio, pois dessa forma invalidará todos os benefícios citados acima.\n\n**Conclusão**\n\nRica em nutrientes e repleta de muito sabor, a granola é composta por uma mistura de carboidratos, vitaminas e gorduras boas que ajuda no bom funcionamento do organismo e pode ser inserida através de diversas formas na alimentação. \n\n![tiasonia](/img/uploads/granola-faz-bem.png)\n\nGostou dos benefícios da Granola?\n\nSe você leu até aqui, merece um presente! Use o Cupom: **S2GRANOLA** e aproveite para levar um tipo de cada **Granola Tia Sônia**? [Clique aqui e confira!](https://www.emporiotiasonia.com.br/search?term=granola&utm_source=blog-granola&utm_medium=blog-granola&utm_campaign=blog-granola)",
  "sections": [
    {
      "type": "breadcrumbs",
      "enabled": true
    },
    {
      "type": "page-title",
      "title": "10 Benefícios da Granola para a sua Saúde",
      "description": "Descubra neste artigo os principais benefícios da granola para a sua saúde."
    },
    {
      "type": "blog-post",
      "enabled": true
    },
    {
      "type": "collection-shelf",
      "shuffle": true,
      "limit": "",
      "page": "",
      "collection_id": "5d09315724607a6a42d714cc:categories:Granolas:/granola-tia-sonia",
      "title": "Granola é Tia Sônia!"
    }
  ]
}